{"150000__8": 23.783193398462316, "090000__8": 24.074286546405233, "060000__8": 26.696304264146846, "140000__8": 24.533595441111686, "000000__8": 472.3149993676676, "020000__8": 57.693046846747905, "010000__8": 124.89854011704574, "160000__8": 24.831671321834193, "040000__8": 35.00904029027066, "130000__8": 24.19130305498436, "110000__8": 24.002056864994813, "030000__8": 43.078303224003434, "120000__8": 25.203272621602594, "050000__8": 29.2390866555383, "080000__8": 25.080107660999403, "070000__8": 28.217518429914236, "100000__8": 25.505968277211764}