{"000000__32": 438.4399475687776, "030000__32": 29.410129499398124, "020000__32": 38.19993354739631, "010000__32": 105.37712926657133}